"Id","CommandLine","ExecutionStatus","StartExecutionTime","EndExecutionTime","Duration"
"1","try { . ""c:\Users\David BOHORQUEZ\AppData\Local\Programs\Microsoft VS Code\034f571df5\resources\app\out\vs\workbench\contrib\terminal\common\scripts\shellIntegration.ps1"" } catch {}","Completed","04/05/2026 01:38:44","04/05/2026 01:38:44","00:00:00.4133094"
"2","(Set-ExecutionPolicy -Scope Process -ExecutionPolicy RemoteSigned) ; (& ""c:\Users\David BOHORQUEZ\Documents\ynov_m1\Machine_Learning\mon_env\Scripts\Activate.ps1"")","Completed","04/05/2026 01:38:48","04/05/2026 01:38:48","00:00:00.2314634"
"3","""c:/Users/David BOHORQUEZ/Documents/ynov_m1/Machine_Learning/mon_env/Scripts/python.exe""","Completed","04/05/2026 01:38:48","04/05/2026 01:38:48","00:00:00.0083786"
"4","python .\test.py","Completed","04/05/2026 01:41:23","04/05/2026 09:28:07","07:46:43.5113201"
"5","import os","Completed","04/05/2026 09:28:07","04/05/2026 09:28:07","00:00:00.1938906"
"6","import pandas as pd","Completed","04/05/2026 09:28:07","04/05/2026 09:28:07","00:00:00.0663792"
"7","import numpy as np","Completed","04/05/2026 09:28:07","04/05/2026 09:28:07","00:00:00.0814845"
"8","import networkx as nx","Completed","04/05/2026 09:28:08","04/05/2026 09:28:08","00:00:00.0731146"
"9","import matplotlib.pyplot as plt","Completed","04/05/2026 09:28:08","04/05/2026 09:28:08","00:00:00.0793297"
"10","import seaborn as sns","Completed","04/05/2026 09:28:08","04/05/2026 09:28:08","00:00:00.0850631"
"11","from pathlib import Path","Failed","04/05/2026 09:28:08","04/05/2026 09:28:08","00:00:00.0007449"
"12","from sklearn.model_selection import train_test_split, KFold, GroupKFold","Failed","04/05/2026 09:28:08","04/05/2026 09:28:08","00:00:00.0001970"
"13","from sklearn.ensemble import RandomForestRegressor","Failed","04/05/2026 09:28:09","04/05/2026 09:28:09","00:00:00.0001193"
"14","from sklearn.metrics import mean_absolute_error, r2_score","Failed","04/05/2026 09:28:09","04/05/2026 09:28:09","00:00:00.0002401"
"15","from sklearn.preprocessing import StandardScaler","Failed","04/05/2026 09:28:09","04/05/2026 09:28:09","00:00:00.0001245"
"16","os.environ.setdefault('TF_CPP_MIN_LOG_LEVEL', '2')","Completed","04/05/2026 09:28:09","04/05/2026 09:28:09","00:00:00.0771823"
"17","import tensorflow as tf","Completed","04/05/2026 09:28:09","04/05/2026 09:28:09","00:00:00.0661948"
"18","from tensorflow.keras import layers, models, callbacks, optimizers, losses","Failed","04/05/2026 09:28:10","04/05/2026 09:28:10","00:00:00.0002248"
"19","tf.random.set_seed(42)","Completed","04/05/2026 09:28:10","04/05/2026 09:28:10","00:00:00.0894587"
"20","# --- Loading ---","Completed","04/05/2026 09:28:10","04/05/2026 09:28:10","00:00:00.0005936"
"21","BASE_DIR = Path('.')","Completed","04/05/2026 09:28:10","04/05/2026 09:28:10","00:00:00.0688905"
"22","pd.set_option('display.max_columns', None) ","Failed","04/05/2026 09:28:10","04/05/2026 09:28:10","00:00:00.0001431"
"23","pd.set_option('display.max_rows', None)","Failed","04/05/2026 09:28:10","04/05/2026 09:28:10","00:00:00.0004306"
"24","x_train = pd.read_csv(BASE_DIR / 'x_train_final.csv')","Completed","04/05/2026 09:28:10","04/05/2026 09:28:11","00:00:00.0750707"
"25","x_test = pd.read_csv(BASE_DIR / 'x_test_final.csv')","Completed","04/05/2026 09:28:11","04/05/2026 09:28:11","00:00:00.0679025"
"26","y_train = pd.read_csv(BASE_DIR / 'y_train_final_j5KGWWK.csv')","Completed","04/05/2026 09:28:11","04/05/2026 09:28:11","00:00:00.0662576"
"27","y_sample = pd.read_csv(BASE_DIR / 'y_sample_final.csv')","Completed","04/05/2026 09:28:11","04/05/2026 09:28:11","00:00:00.0798366"
"28","# --- Preprocessing & Cleaning ---","Completed","04/05/2026 09:28:11","04/05/2026 09:28:11","00:00:00.0005393"
"29","same_mask = x_train[x_train.columns[0]].eq(x_train[x_train.columns[1]])","Completed","04/05/2026 09:28:12","04/05/2026 09:28:12","00:00:00.0723673"
"30","if same_mask.mean() > 0.99:","Failed","04/05/2026 09:28:12","04/05/2026 09:28:12","00:00:00.0001368"
"31","    x_train = x_train.drop(columns=x_train.columns[0])","Completed","04/05/2026 09:28:12","04/05/2026 09:28:12","00:00:00.0734959"
"32","x_train['x_train_row_id'] = x_train.iloc[:, 0]","Completed","04/05/2026 09:28:12","04/05/2026 09:28:12","00:00:00.0749626"
"33","x_test['x_test_row_id'] = x_test.iloc[:, 0]","Completed","04/05/2026 09:28:12","04/05/2026 09:28:12","00:00:00.0601594"
"34","y_train['y_train_row_id'] = y_train.iloc[:, 0]","Completed","04/05/2026 09:28:12","04/05/2026 09:28:12","00:00:00.0608804"
"35","x_train = x_train.drop(columns=x_train.columns[0])","Completed","04/05/2026 09:28:12","04/05/2026 09:28:12","00:00:00.0588038"
"36","x_test = x_test.drop(columns=x_test.columns[0])","Completed","04/05/2026 09:28:12","04/05/2026 09:28:12","00:00:00.0606192"
"37","y_train = y_train.drop(columns=y_train.columns[0])","Completed","04/05/2026 09:28:12","04/05/2026 09:28:12","00:00:00.0573586"
"38","train_full = x_train.merge(y_train, left_on='x_train_row_id', right_on='y_train_row_id', how='left')","Failed","04/05/2026 09:28:12","04/05/2026 09:28:12","00:00:00.0001093"
"39","test_full = x_test.copy()","Failed","04/05/2026 09:28:12","04/05/2026 09:28:12","00:00:00.0001420"
"40","train_full['source'] = 'train'","Completed","04/05/2026 09:28:12","04/05/2026 09:28:13","00:00:00.0534139"
"41","test_full['source'] = 'test'","Completed","04/05/2026 09:28:13","04/05/2026 09:28:13","00:00:00.0539187"
"42","train_df = pd.concat([train_full, test_full], ignore_index=True)","Failed","04/05/2026 09:28:13","04/05/2026 09:28:13","00:00:00.0004398"
"43","columns_to_inspect = ['p0q3', 'p0q4']","Completed","04/05/2026 09:28:13","04/05/2026 09:28:13","00:00:00.0615129"
"44","threshold = -1438","Completed","04/05/2026 09:28:13","04/05/2026 09:28:13","00:00:00.0529709"
"45","outlier_ok = (train_df[columns_to_inspect] > threshold).all(axis=1) | (train_df['source'] == 'test')","Failed","04/05/2026 09:28:13","04/05/2026 09:28:13","00:00:00.0001706"
"46","clean_train_df = train_df[outlier_ok].copy()","Failed","04/05/2026 09:28:13","04/05/2026 09:28:13","00:00:00.0001112"
"47","# --- Cycle removal: drop entire (train, date) trajectories where any 'gare' repeats ---","Completed","04/05/2026 09:28:13","04/05/2026 09:28:13","00:00:00.0002387"
"48","# Test rows are NEVER dropped (predictions are required for every test row).","Completed","04/05/2026 09:28:13","04/05/2026 09:28:13","00:00:00.0001897"
"49","trip_keys = ['train', 'date']","Completed","04/05/2026 09:28:13","04/05/2026 09:28:13","00:00:00.0607413"
"50","if all(k in clean_train_df.columns for k in trip_keys) and 'gare' in clean_train_df.columns:","Failed","04/05/2026 09:28:13","04/05/2026 09:28:13","00:00:00.0000879"
"51","    train_only = clean_train_df[clean_train_df['source'] == 'train']","Completed","04/05/2026 09:28:13","04/05/2026 09:28:13","00:00:00.0560905"
"52","    cycle_mask = (
        train_only.groupby(trip_keys, sort=False)['gare']
                  .transform(lambda s: s.duplicated(keep=False).any())","Failed","04/05/2026 09:28:13","04/05/2026 09:28:13","00:00:00.0001492"
"53","    )","Failed","04/05/2026 09:28:13","04/05/2026 09:28:13","00:00:00.0000690"
"54","    n_cycle_rows = int(cycle_mask.sum())","Failed","04/05/2026 09:28:13","04/05/2026 09:28:13","00:00:00.0000948"
"55","    n_cycle_trips = int(train_only.loc[cycle_mask, trip_keys].drop_duplicates().shape[0])","Failed","04/05/2026 09:28:13","04/05/2026 09:28:13","00:00:00.0001291"
"56","    n_total_trips = int(train_only[trip_keys].drop_duplicates().shape[0])","Failed","04/05/2026 09:28:13","04/05/2026 09:28:13","00:00:00.0001287"
"57","    pct = (n_cycle_trips / n_total_trips * 100) if n_total_trips else 0.0","Completed","04/05/2026 09:28:13","04/05/2026 09:28:13","00:00:00.0596308"
"58","    print(f""Cyclic trajectories removed: {n_cycle_trips} / {n_total_trips} trips ""
          f""({pct:.2f}%), {n_cycle_rows} rows"")","Failed","04/05/2026 09:28:13","04/05/2026 09:28:13","00:00:00.0001011"
"59","    clean_train_df = clean_train_df.drop(index=train_only.loc[cycle_mask].index).reset_index(drop=True)","Failed","04/05/2026 09:28:13","04/05/2026 09:28:13","00:00:00.0001501"
"60","cols_to_drop = ['x_train_row_id', 'x_test_row_id', 'y_train_row_id', 'y_sample_row_id', 'ID_original']","Completed","04/05/2026 09:28:13","04/05/2026 09:28:13","00:00:00.0631250"
"61","cols_to_drop = [c for c in cols_to_drop if c in clean_train_df.columns]","Completed","04/05/2026 09:28:13","04/05/2026 09:28:13","00:00:00.0601861"
"62","clean_train_df = clean_train_df.drop(columns=cols_to_drop)","Completed","04/05/2026 09:28:13","04/05/2026 09:28:13","00:00:00.0541944"
"63","# --- Feature Engineering ---","Completed","04/05/2026 09:28:13","04/05/2026 09:28:13","00:00:00.0001121"
"64","if 'date' in clean_train_df.columns:","Failed","04/05/2026 09:28:13","04/05/2026 09:28:13","00:00:00.0014182"
"65","    clean_train_df['date'] = pd.to_datetime(clean_train_df['date'], errors='coerce')","Failed","04/05/2026 09:28:13","04/05/2026 09:28:13","00:00:00.0001223"
"66","    clean_train_df['day_of_week'] = clean_train_df['date'].dt.dayofweek","Completed","04/05/2026 09:28:13","04/05/2026 09:28:13","00:00:00.0614759"
"67","    clean_train_df['day_of_year'] = clean_train_df['date'].dt.dayofyear","Completed","04/05/2026 09:28:13","04/05/2026 09:28:14","00:00:00.0714301"
"68","    clean_train_df['is_weekend'] = clean_train_df['day_of_week'].isin([5, 6]).astype(int)","Failed","04/05/2026 09:28:14","04/05/2026 09:28:14","00:00:00.0001975"
"69","# --- Plots & EDA ---","Completed","04/05/2026 09:28:14","04/05/2026 09:28:14","00:00:00.0002531"
"70","def plot_comprehensive_eda(df):","Completed","04/05/2026 09:28:14","04/05/2026 09:28:14","00:00:00.0629857"
"71","    cat_cols = ['train', 'gare']","Completed","04/05/2026 09:28:14","04/05/2026 09:28:14","00:00:00.0619609"
"72","    for col in cat_cols:","Failed","04/05/2026 09:28:14","04/05/2026 09:28:14","00:00:00.0000959"
"73","        if col in df.columns:","Failed","04/05/2026 09:28:14","04/05/2026 09:28:14","00:00:00.0000783"
"74","            plt.figure(figsize=(12, 5))","Completed","04/05/2026 09:28:14","04/05/2026 09:28:14","00:00:00.0612710"
"75","            top_20 = df[col].value_counts().nlargest(20)","Failed","04/05/2026 09:28:14","04/05/2026 09:28:14","00:00:00.0001042"
"76","            sns.barplot(x=top_20.index, y=top_20.values, palette=""viridis"")","Failed","04/05/2026 09:28:14","04/05/2026 09:28:14","00:00:00.0001622"
"77","            plt.title(f""Top 20 most frequent: {col}"")","Completed","04/05/2026 09:28:14","04/05/2026 09:28:14","00:00:00.0172641"
"78","            plt.ylabel(""Number of Observations"")","Completed","04/05/2026 09:28:14","04/05/2026 09:28:14","00:00:00.0599521"
"79","            plt.xticks(rotation=45)","Completed","04/05/2026 09:28:14","04/05/2026 09:28:14","00:00:00.0834363"
"80","            plt.tight_layout()","Failed","04/05/2026 09:28:14","04/05/2026 09:28:14","00:00:00.0000899"
"81","            plt.show()","Failed","04/05/2026 09:28:14","04/05/2026 09:28:14","00:00:00.0000992"
"82","    if 'date' in df.columns:","Failed","04/05/2026 09:28:14","04/05/2026 09:28:14","00:00:00.0001351"
"83","        plt.figure(figsize=(14, 5))","Completed","04/05/2026 09:28:14","04/05/2026 09:28:14","00:00:00.0622241"
"84","        counts = df.groupby(df['date'].dt.date).size().sort_index()","Completed","04/05/2026 09:28:14","04/05/2026 09:28:14","00:00:00.0502676"
"85","        counts.plot(color='teal', linewidth=2)","Failed","04/05/2026 09:28:14","04/05/2026 09:28:14","00:00:00.0001006"
"86","        plt.title(""Number of Observations per Date (chronological)"")","Completed","04/05/2026 09:28:14","04/05/2026 09:28:14","00:00:00.0628446"
"87","        plt.xlabel(""Date"")","Completed","04/05/2026 09:28:14","04/05/2026 09:28:14","00:00:00.0606266"
"88","        plt.ylabel(""Observations"")","Completed","04/05/2026 09:28:14","04/05/2026 09:28:14","00:00:00.0556675"
"89","        plt.grid(True, alpha=0.3)","Failed","04/05/2026 09:28:14","04/05/2026 09:28:14","00:00:00.0001005"
"90","        plt.tight_layout()","Failed","04/05/2026 09:28:14","04/05/2026 09:28:14","00:00:00.0001061"
"91","        plt.show()","Failed","04/05/2026 09:28:14","04/05/2026 09:28:14","00:00:00.0000966"
"92","    numeric_cols = ['arret', 'day_of_week', 'day_of_year', 'is_weekend']","Completed","04/05/2026 09:28:14","04/05/2026 09:28:15","00:00:00.0645563"
"93","    for col in numeric_cols:","Failed","04/05/2026 09:28:15","04/05/2026 09:28:15","00:00:00.0000952"
"94","        if col in df.columns:","Failed","04/05/2026 09:28:15","04/05/2026 09:28:15","00:00:00.0001307"
"95","            plt.figure(figsize=(8, 4))","Completed","04/05/2026 09:28:15","04/05/2026 09:28:15","00:00:00.0611467"
"96","            sns.histplot(data=df, x=col, bins=30, kde=False, color='dodgerblue')","Failed","04/05/2026 09:28:15","04/05/2026 09:28:15","00:00:00.0001190"
"97","            plt.title(f""Distribution of {col}"")","Completed","04/05/2026 09:28:15","04/05/2026 09:28:15","00:00:00.0556242"
"98","            plt.ylabel(""Number of Observations"")","Completed","04/05/2026 09:28:15","04/05/2026 09:28:15","00:00:00.0560884"
"99","            plt.tight_layout()","Failed","04/05/2026 09:28:15","04/05/2026 09:28:15","00:00:00.0000830"
"100","            plt.show()","Failed","04/05/2026 09:28:15","04/05/2026 09:28:15","00:00:00.0001059"
"101","    delay_cols = ['p2q0', 'p3q0', 'p4q0', 'p0q2', 'p0q3', 'p0q4']","Completed","04/05/2026 09:28:15","04/05/2026 09:28:15","00:00:00.0576994"
"102","    available_delays = [c for c in delay_cols if c in df.columns]","Completed","04/05/2026 09:28:15","04/05/2026 09:28:15","00:00:00.0557918"
"103","    if available_delays:","Failed","04/05/2026 09:28:15","04/05/2026 09:28:15","00:00:00.0000904"
"104","        n_cols = len(available_delays)","Completed","04/05/2026 09:28:15","04/05/2026 09:28:15","00:00:00.0572750"
"105","        cols = 2","Completed","04/05/2026 09:28:15","04/05/2026 09:28:15","00:00:00.0610901"
"106","        rows = (n_cols + 1) // 2","Completed","04/05/2026 09:28:15","04/05/2026 09:28:15","00:00:00.0550492"
"107","        fig, axes = plt.subplots(rows, cols, figsize=(14, rows * 4))","Failed","04/05/2026 09:28:15","04/05/2026 09:28:15","00:00:00.0000880"
"108","        axes = axes.flatten()","Failed","04/05/2026 09:28:15","04/05/2026 09:28:15","00:00:00.0000872"
"109","        for i, col in enumerate(available_delays):","Failed","04/05/2026 09:28:15","04/05/2026 09:28:15","00:00:00.0001271"
"110","            data = pd.to_numeric(df[col], errors='coerce').dropna()","Failed","04/05/2026 09:28:15","04/05/2026 09:28:15","00:00:00.0001046"
"111","            if len(data) > 0:","Failed","04/05/2026 09:28:15","04/05/2026 09:28:15","00:00:00.0001144"
"112","                lower, upper = data.quantile([0.01, 0.99])","Failed","04/05/2026 09:28:15","04/05/2026 09:28:15","00:00:00.0001441"
"113","                data_to_plot = data[(data >= lower) & (data <= upper)]","Failed","04/05/2026 09:28:15","04/05/2026 09:28:15","00:00:00.0002153"
"114","                sns.histplot(data_to_plot, bins=50, ax=axes[i], color='coral', kde=True)","Failed","04/05/2026 09:28:15","04/05/2026 09:28:15","00:00:00.0001649"
"115","                axes[i].set_title(f""Distribution of {col}\n(1st-99th percentile)"")","Completed","04/05/2026 09:28:15","04/05/2026 09:28:15","00:00:00.0172149"
"116","                axes[i].set_ylabel(""Observations"")","Completed","04/05/2026 09:28:15","04/05/2026 09:28:15","00:00:00.0532176"
"117","        for j in range(i + 1, len(axes)):","Failed","04/05/2026 09:28:15","04/05/2026 09:28:15","00:00:00.0001106"
"118","            fig.delaxes(axes[j])","Completed","04/05/2026 09:28:15","04/05/2026 09:28:15","00:00:00.0551523"
"119","        plt.tight_layout()","Failed","04/05/2026 09:28:15","04/05/2026 09:28:15","00:00:00.0000930"
"120","        plt.show()","Failed","04/05/2026 09:28:15","04/05/2026 09:28:15","00:00:00.0001107"
"121","def build_digraph_from_df(df, train_col='train', gare_col='gare', date_col='date',
                          arret_col='arret', delay_col='p0q2'):","Failed","04/05/2026 09:28:16","04/05/2026 09:28:16","00:00:00.0001560"
"122","    """"""Vectorized multi-weighted DiGraph build.
    Each edge a -> b carries:
      - count           : number of (train, date) trips traversing the edge
      - mean_delay      : mean of `delay_col` (default p0q2) over those trips
                          (computed only on rows with source == 'train')
      - mean_arret_diff : mean of (arret_b - arret_a)
    Each node carries `visits` = how many times the gare appears.
    """"""","Completed","04/05/2026 09:28:16","04/05/2026 09:28:16","00:00:00.0004748"
"123","    work = df.copy()","Failed","04/05/2026 09:28:16","04/05/2026 09:28:16","00:00:00.0001129"
"124","    if 'source' in work.columns:","Failed","04/05/2026 09:28:16","04/05/2026 09:28:16","00:00:00.0000957"
"125","        # mean_delay is meaningful only on train rows; use NaN for test so means ignore them.","Completed","04/05/2026 09:28:16","04/05/2026 09:28:16","00:00:00.0001982"
"126","        work.loc[work['source'] != 'train', delay_col] = np.nan","Completed","04/05/2026 09:28:16","04/05/2026 09:28:16","00:00:00.0527661"
"127","    sort_keys = [k for k in [train_col, date_col, arret_col] if k in work.columns]","Completed","04/05/2026 09:28:16","04/05/2026 09:28:16","00:00:00.0551317"
"128","    work = work.sort_values(by=sort_keys, kind='mergesort')","Failed","04/05/2026 09:28:16","04/05/2026 09:28:16","00:00:00.0000914"
"129","    grp = work.groupby([train_col, date_col], sort=False)","Failed","04/05/2026 09:28:16","04/05/2026 09:28:16","00:00:00.0006089"
"130","    work['next_gare'] = grp[gare_col].shift(-1)","Completed","04/05/2026 09:28:16","04/05/2026 09:28:16","00:00:00.0489106"
"131","    work['next_arret'] = grp[arret_col].shift(-1) if arret_col in work.columns else np.nan","Completed","04/05/2026 09:28:16","04/05/2026 09:28:16","00:00:00.0484173"
"132","    work['arret_diff'] = work['next_arret'] - work[arret_col] if arret_col in work.columns else np.nan","Completed","04/05/2026 09:28:16","04/05/2026 09:28:16","00:00:00.0473370"
"133","    edges = work.dropna(subset=[gare_col, 'next_gare']).copy()","Failed","04/05/2026 09:28:16","04/05/2026 09:28:16","00:00:00.0000822"
"134","    edges[gare_col] = edges[gare_col].astype(str)","Completed","04/05/2026 09:28:16","04/05/2026 09:28:16","00:00:00.0567136"
"135","    edges['next_gare'] = edges['next_gare'].astype(str)","Completed","04/05/2026 09:28:16","04/05/2026 09:28:16","00:00:00.0569119"
"136","    agg = edges.groupby([gare_col, 'next_gare'], sort=False).agg(
        count=(gare_col, 'size'),
        mean_delay=(delay_col, 'mean'),
        mean_arret_diff=('arret_diff', 'mean'),
    ).reset_index()","Failed","04/05/2026 09:28:16","04/05/2026 09:28:16","00:00:00.0005395"
"137","    visits = work.dropna(subset=[gare_col]).assign(_g=lambda d: d[gare_col].astype(str)) \","Failed","04/05/2026 09:28:16","04/05/2026 09:28:16","00:00:00.0000855"
"138","                 .groupby('_g', sort=False).size().to_dict()","Failed","04/05/2026 09:28:16","04/05/2026 09:28:16","00:00:00.0001014"
"139","    G = nx.DiGraph()","Failed","04/05/2026 09:28:16","04/05/2026 09:28:16","00:00:00.0001118"
"140","    for node, v in visits.items():","Failed","04/05/2026 09:28:16","04/05/2026 09:28:16","00:00:00.0001258"
"141","        G.add_node(node, visits=int(v))","Failed","04/05/2026 09:28:16","04/05/2026 09:28:16","00:00:00.0001716"
"142","    for _, r in agg.iterrows():","Failed","04/05/2026 09:28:16","04/05/2026 09:28:16","00:00:00.0001395"
"143","        G.add_edge(
            r[gare_col], r['next_gare'],
            count=int(r['count']),
            mean_delay=float(r['mean_delay']) if pd.notna(r['mean_delay']) else 0.0,
            mean_arret_diff=float(r['mean_arret_diff']) if pd.notna(r['mean_arret_diff']) else 0.0,
        )","Failed","04/05/2026 09:28:16","04/05/2026 09:28:16","00:00:00.0001303"
"144","    return G","Completed","04/05/2026 09:28:16","04/05/2026 09:28:16","00:00:00.0607339"
"145","def graph_adjacency_matrices(G):","Completed","04/05/2026 09:28:16","04/05/2026 09:28:16","00:00:00.0658838"
"146","    """"""Return (nodes, A_count, A_delay, A_arret) dense adjacency matrices.""""""","Completed","04/05/2026 09:28:16","04/05/2026 09:28:16","00:00:00.0004079"
"147","    nodes = sorted(G.nodes())","Failed","04/05/2026 09:28:16","04/05/2026 09:28:16","00:00:00.0000959"
"148","    A_count = nx.adjacency_matrix(G, nodelist=nodes, weight='count').toarray()","Failed","04/05/2026 09:28:16","04/05/2026 09:28:16","00:00:00.0000985"
"149","    A_delay = nx.adjacency_matrix(G, nodelist=nodes, weight='mean_delay').toarray()","Failed","04/05/2026 09:28:16","04/05/2026 09:28:16","00:00:00.0001074"
"150","    A_arret = nx.adjacency_matrix(G, nodelist=nodes, weight='mean_arret_diff').toarray()","Failed","04/05/2026 09:28:16","04/05/2026 09:28:16","00:00:00.0001183"
"151","    return nodes, A_count, A_delay, A_arret","Failed","04/05/2026 09:28:16","04/05/2026 09:28:16","00:00:00.0001704"
"152","def plot_graph(G, out_path='graph_cleaned.png', max_edges=None):","Failed","04/05/2026 09:28:16","04/05/2026 09:28:16","00:00:00.0001288"
"153","    """"""Visualize the cleaned multi-weighted DiGraph and save to disk.""""""","Completed","04/05/2026 09:28:16","04/05/2026 09:28:16","00:00:00.0004637"
"154","    if G.number_of_edges() == 0:","Failed","04/05/2026 09:28:16","04/05/2026 09:28:16","00:00:00.0001579"
"155","        print(""plot_graph: empty graph, skipping."")","Completed","04/05/2026 09:28:16","04/05/2026 09:28:17","00:00:00.0430626"
"156","        return","Completed","04/05/2026 09:28:17","04/05/2026 09:28:17","00:00:00.0001881"
"157","    pos = nx.spring_layout(G, seed=42, k=None)","Failed","04/05/2026 09:28:17","04/05/2026 09:28:17","00:00:00.0001067"
"158","    visits = np.array([G.nodes[n].get('visits', 1) for n in G.nodes()], dtype=float)","Failed","04/05/2026 09:28:17","04/05/2026 09:28:17","00:00:00.0007514"
"159","    node_sizes = 20 + 280 * (visits - visits.min()) / max(float(np.ptp(visits)), 1.0)","Failed","04/05/2026 09:28:17","04/05/2026 09:28:17","00:00:00.0001552"
"160","    edges = list(G.edges(data=True))","Completed","04/05/2026 09:28:17","04/05/2026 09:28:17","00:00:00.0629698"
"161","    if max_edges is not None and len(edges) > max_edges:","Failed","04/05/2026 09:28:17","04/05/2026 09:28:17","00:00:00.0000897"
"162","        edges = sorted(edges, key=lambda e: e[2].get('count', 0), reverse=True)[:max_edges]","Failed","04/05/2026 09:28:17","04/05/2026 09:28:17","00:00:00.0001534"
"163","    counts = np.array([e[2].get('count', 1) for e in edges], dtype=float)","Failed","04/05/2026 09:28:17","04/05/2026 09:28:17","00:00:00.0003966"
"164","    widths = 0.3 + 1.5 * np.log1p(counts) / max(np.log1p(counts).max(), 1.0)","Completed","04/05/2026 09:28:17","04/05/2026 09:28:17","00:00:00.0632871"
"165","    delays = np.array([e[2].get('mean_delay', 0.0) for e in edges], dtype=float)","Failed","04/05/2026 09:28:17","04/05/2026 09:28:17","00:00:00.0004965"
"166","    fig, ax = plt.subplots(figsize=(14, 10))","Failed","04/05/2026 09:28:17","04/05/2026 09:28:17","00:00:00.0001286"
"167","    nx.draw_networkx_nodes(G, pos, node_size=node_sizes, node_color='#1f77b4',
                           alpha=0.85, ax=ax)","Failed","04/05/2026 09:28:17","04/05/2026 09:28:17","00:00:00.0001374"
"168","    nx.draw_networkx_edges(
        G, pos, edgelist=[(u, v) for u, v, _ in edges],
        width=widths, edge_color=delays, edge_cmap=plt.cm.coolwarm,
        edge_vmin=np.nanpercentile(delays, 5) if delays.size else 0,
        edge_vmax=np.nanpercentile(delays, 95) if delays.size else 1,
        arrows=True, arrowsize=6, alpha=0.7, ax=ax,
    )","Failed","04/05/2026 09:28:17","04/05/2026 09:28:17","00:00:00.0003828"
"169","    sm = plt.cm.ScalarMappable(cmap=plt.cm.coolwarm,
                               norm=plt.Normalize(vmin=delays.min() if delays.size else 0,
                                                  vmax=delays.max() if delays.size else 1))","Failed","04/05/2026 09:28:17","04/05/2026 09:28:17","00:00:00.0002099"
"170","    sm.set_array([])","Failed","04/05/2026 09:28:17","04/05/2026 09:28:17","00:00:00.0001803"
"171","    fig.colorbar(sm, ax=ax, label='mean_delay (p0q2)')","Failed","04/05/2026 09:28:17","04/05/2026 09:28:17","00:00:00.0001625"
"172","    ax.set_title(f""Cleaned SNCF DiGraph — {G.number_of_nodes()} nodes, ""
                 f""{G.number_of_edges()} edges (showing {len(edges)})"")","Failed","04/05/2026 09:28:17","04/05/2026 09:28:17","00:00:00.0001808"
"173","    ax.axis('off')","Completed","04/05/2026 09:28:17","04/05/2026 09:28:17","00:00:00.0901277"
"174","    plt.tight_layout()","Failed","04/05/2026 09:28:17","04/05/2026 09:28:17","00:00:00.0001588"
"175","    plt.savefig(out_path, dpi=130, bbox_inches='tight')","Failed","04/05/2026 09:28:17","04/05/2026 09:28:17","00:00:00.0001377"
"176","    plt.close(fig)","Completed","04/05/2026 09:28:17","04/05/2026 09:28:17","00:00:00.0991698"
"177","    print(f""plot_graph: saved {out_path}"")","Completed","04/05/2026 09:28:17","04/05/2026 09:28:17","00:00:00.0301030"
"178","# plot_comprehensive_eda(clean_train_df)","Completed","04/05/2026 09:28:17","04/05/2026 09:28:17","00:00:00.0003085"
"179","BUILD_GRAPH = True","Completed","04/05/2026 09:28:17","04/05/2026 09:28:17","00:00:00.0966393"
"180","GRAPH_PNG = Path('graph_cleaned.png')","Completed","04/05/2026 09:28:17","04/05/2026 09:28:17","00:00:00.0893170"
"181","G = None","Completed","04/05/2026 09:28:18","04/05/2026 09:28:18","00:00:00.1039168"
"182","if BUILD_GRAPH:","Failed","04/05/2026 09:28:18","04/05/2026 09:28:18","00:00:00.0000802"
"183","    G = build_digraph_from_df(clean_train_df)","Completed","04/05/2026 09:28:18","04/05/2026 09:28:18","00:00:00.0732070"
"184","    print(f""Graph: {G.number_of_nodes()} nodes, {G.number_of_edges()} edges."")","Completed","04/05/2026 09:28:18","04/05/2026 09:28:18","00:00:00.0208921"
"185","    nodes, A_count, A_delay, A_arret = graph_adjacency_matrices(G)","Failed","04/05/2026 09:28:18","04/05/2026 09:28:18","00:00:00.0001432"
"186","    print(f""Adjacency matrices: count.shape={A_count.shape} ""
          f""nnz={int((A_count > 0).sum())}"")","Failed","04/05/2026 09:28:18","04/05/2026 09:28:18","00:00:00.0001361"
"187","    if GRAPH_PNG.exists():","Failed","04/05/2026 09:28:18","04/05/2026 09:28:18","00:00:00.0001615"
"188","        print(f""plot_graph: {GRAPH_PNG} already exists — skipping (delete to regenerate)."")","Completed","04/05/2026 09:28:18","04/05/2026 09:28:18","00:00:00.0256330"
"189","    else:","Completed","04/05/2026 09:28:18","04/05/2026 09:28:18","00:00:00.0230262"
"190","        plot_graph(G, out_path=str(GRAPH_PNG))","Failed","04/05/2026 09:28:18","04/05/2026 09:28:18","00:00:00.0001464"
"191","# --- Audit: train-vs-test distribution (I-03) ---","Completed","04/05/2026 09:28:18","04/05/2026 09:28:18","00:00:00.0002376"
"192","def audit_train_test_distribution(df, source_col='source',
                                  cats=('gare',), nums=('arret', 'p2q0', 'p3q0', 'p4q0', 'p0q2', 'p0q3', 'p0q4')):","Failed","04/05/2026 09:28:18","04/05/2026 09:28:18","00:00:00.0001592"
"193","    """"""Compare train vs test distributions to find the real source of the website gap.""""""","Completed","04/05/2026 09:28:18","04/05/2026 09:28:18","00:00:00.0005928"
"194","    tr = df[df[source_col] == 'train']","Completed","04/05/2026 09:28:18","04/05/2026 09:28:18","00:00:00.0843994"
"195","    te = df[df[source_col] == 'test']","Completed","04/05/2026 09:28:18","04/05/2026 09:28:18","00:00:00.0682607"
"196","    print(f""\n--- Distribution audit: train={len(tr)} rows, test={len(te)} rows ---"")","Completed","04/05/2026 09:28:18","04/05/2026 09:28:18","00:00:00.0179441"
"197","    for c in cats:","Failed","04/05/2026 09:28:18","04/05/2026 09:28:18","00:00:00.0000804"
"198","        if c not in df.columns:","Failed","04/05/2026 09:28:18","04/05/2026 09:28:18","00:00:00.0001027"
"199","            continue","Completed","04/05/2026 09:28:18","04/05/2026 09:28:18","00:00:00.0003807"
"200","        tr_set = set(tr[c].dropna().unique())","Failed","04/05/2026 09:28:18","04/05/2026 09:28:18","00:00:00.0001347"
"201","        te_set = set(te[c].dropna().unique())","Failed","04/05/2026 09:28:18","04/05/2026 09:28:18","00:00:00.0001529"
"202","        new_in_test = te_set - tr_set","Completed","04/05/2026 09:28:18","04/05/2026 09:28:18","00:00:00.0784522"
"203","        unused_in_test = tr_set - te_set","Completed","04/05/2026 09:28:18","04/05/2026 09:28:18","00:00:00.0642641"
"204","        print(f""  [{c}] unique train={len(tr_set)} test={len(te_set)} ""
              f""NEW-in-test={len(new_in_test)} unused-in-test={len(unused_in_test)}"")","Failed","04/05/2026 09:28:18","04/05/2026 09:28:18","00:00:00.0000889"
"205","        if new_in_test:","Failed","04/05/2026 09:28:18","04/05/2026 09:28:18","00:00:00.0001435"
"206","            sample = list(new_in_test)[:5]","Failed","04/05/2026 09:28:18","04/05/2026 09:28:18","00:00:00.0001554"
"207","            print(f""        examples of NEW values: {sample}"")","Completed","04/05/2026 09:28:18","04/05/2026 09:28:18","00:00:00.0261521"
"208","        tr_freq = tr[c].value_counts(normalize=True)","Completed","04/05/2026 09:28:19","04/05/2026 09:28:19","00:00:00.0942765"
"209","        te_freq = te[c].value_counts(normalize=True)","Completed","04/05/2026 09:28:19","04/05/2026 09:28:19","00:00:00.0683767"
"210","        common = tr_freq.index.intersection(te_freq.index)","Completed","04/05/2026 09:28:19","04/05/2026 09:28:19","00:00:00.0667184"
"211","        if len(common):","Failed","04/05/2026 09:28:19","04/05/2026 09:28:19","00:00:00.0001003"
"212","            tvd = 0.5 * float((tr_freq.reindex(common, fill_value=0) -
                               te_freq.reindex(common, fill_value=0)).abs().sum())","Failed","04/05/2026 09:28:19","04/05/2026 09:28:19","00:00:00.0001749"
"213","            print(f""        total-variation distance over shared values: {tvd:.4f}"")","Completed","04/05/2026 09:28:19","04/05/2026 09:28:19","00:00:00.0178614"
"214","    for c in nums:","Failed","04/05/2026 09:28:19","04/05/2026 09:28:19","00:00:00.0001124"
"215","        if c not in df.columns:","Failed","04/05/2026 09:28:19","04/05/2026 09:28:19","00:00:00.0001243"
"216","            continue","Completed","04/05/2026 09:28:19","04/05/2026 09:28:19","00:00:00.0007760"
"217","        tr_v = pd.to_numeric(tr[c], errors='coerce').dropna()","Failed","04/05/2026 09:28:19","04/05/2026 09:28:19","00:00:00.0001460"
"218","        te_v = pd.to_numeric(te[c], errors='coerce').dropna()","Failed","04/05/2026 09:28:19","04/05/2026 09:28:19","00:00:00.0001436"
"219","        if tr_v.empty or te_v.empty:","Failed","04/05/2026 09:28:19","04/05/2026 09:28:19","00:00:00.0001363"
"220","            continue","Completed","04/05/2026 09:28:19","04/05/2026 09:28:19","00:00:00.0004988"
"221","        tq = tr_v.quantile([0.05, 0.5, 0.95]).values","Failed","04/05/2026 09:28:19","04/05/2026 09:28:19","00:00:00.0001565"
"222","        eq = te_v.quantile([0.05, 0.5, 0.95]).values","Failed","04/05/2026 09:28:19","04/05/2026 09:28:19","00:00:00.0002878"
"223","        print(f""  [{c}] train mean={tr_v.mean():.3f} std={tr_v.std():.3f} ""
              f""q05/50/95={tq[0]:.2f}/{tq[1]:.2f}/{tq[2]:.2f}"")","Failed","04/05/2026 09:28:19","04/05/2026 09:28:19","00:00:00.0001940"
"224","        print(f""        test  mean={te_v.mean():.3f} std={te_v.std():.3f} ""
              f""q05/50/95={eq[0]:.2f}/{eq[1]:.2f}/{eq[2]:.2f}"")","Failed","04/05/2026 09:28:19","04/05/2026 09:28:19","00:00:00.0001882"
"225","        print(f""        diff_mean={te_v.mean()-tr_v.mean():+.3f} ""
              f""diff_std={te_v.std()-tr_v.std():+.3f}"")","Failed","04/05/2026 09:28:19","04/05/2026 09:28:19","00:00:00.0001318"
"226","# --- Per-row graph features (must run BEFORE one-hot of `gare`) ---","Completed","04/05/2026 09:28:19","04/05/2026 09:28:19","00:00:00.0001864"
"227","def add_graph_features(df, G, gare_col='gare'):","Failed","04/05/2026 09:28:19","04/05/2026 09:28:19","00:00:00.0001294"
"228","    """"""Append per-row features derived from the cleaned DiGraph G.""""""","Completed","04/05/2026 09:28:19","04/05/2026 09:28:19","00:00:00.0005181"
"229","    in_count, out_count, in_delay, out_delay = {}, {}, {}, {}","Failed","04/05/2026 09:28:19","04/05/2026 09:28:19","00:00:00.0001602"
"230","    for n in G.nodes():","Failed","04/05/2026 09:28:19","04/05/2026 09:28:19","00:00:00.0001224"
"231","        ie = list(G.in_edges(n, data=True))","Failed","04/05/2026 09:28:19","04/05/2026 09:28:19","00:00:00.0001284"
"232","        oe = list(G.out_edges(n, data=True))","Failed","04/05/2026 09:28:19","04/05/2026 09:28:19","00:00:00.0001437"
"233","        ic = sum(e[2].get('count', 0) for e in ie)","Completed","04/05/2026 09:28:19","04/05/2026 09:28:19","00:00:00.0665116"
"234","        oc = sum(e[2].get('count', 0) for e in oe)","Completed","04/05/2026 09:28:19","04/05/2026 09:28:19","00:00:00.0667781"
"235","        in_count[n] = ic","Completed","04/05/2026 09:28:19","04/05/2026 09:28:19","00:00:00.0564932"
"236","        out_count[n] = oc","Completed","04/05/2026 09:28:19","04/05/2026 09:28:19","00:00:00.0541053"
"237","        in_delay[n] = (sum(e[2].get('mean_delay', 0.0) * e[2].get('count', 0) for e in ie) / ic) if ic else 0.0","Completed","04/05/2026 09:28:19","04/05/2026 09:28:20","00:00:00.0625868"
"238","        out_delay[n] = (sum(e[2].get('mean_delay', 0.0) * e[2].get('count', 0) for e in oe) / oc) if oc else 0.0","Completed","04/05/2026 09:28:20","04/05/2026 09:28:20","00:00:00.0608970"
"239","    g = df[gare_col].astype(str)","Completed","04/05/2026 09:28:20","04/05/2026 09:28:20","00:00:00.0629905"
"240","    df = df.copy()","Failed","04/05/2026 09:28:20","04/05/2026 09:28:20","00:00:00.0000828"
"241","    df['gare_in_count'] = g.map(in_count).fillna(0).astype(float)","Failed","04/05/2026 09:28:20","04/05/2026 09:28:20","00:00:00.0001596"
"242","    df['gare_out_count'] = g.map(out_count).fillna(0).astype(float)","Failed","04/05/2026 09:28:20","04/05/2026 09:28:20","00:00:00.0001712"
"243","    df['gare_in_mean_delay'] = g.map(in_delay).fillna(0.0).astype(float)","Failed","04/05/2026 09:28:20","04/05/2026 09:28:20","00:00:00.0001419"
"244","    df['gare_out_mean_delay'] = g.map(out_delay).fillna(0.0).astype(float)","Failed","04/05/2026 09:28:20","04/05/2026 09:28:20","00:00:00.0001644"
"245","    return df","Completed","04/05/2026 09:28:20","04/05/2026 09:28:20","00:00:00.0771716"
"246","if G is not None and 'gare' in clean_train_df.columns:","Failed","04/05/2026 09:28:20","04/05/2026 09:28:20","00:00:00.0001137"
"247","    clean_train_df = add_graph_features(clean_train_df, G)","Failed","04/05/2026 09:28:20","04/05/2026 09:28:20","00:00:00.0002101"
"248","audit_train_test_distribution(clean_train_df)","Completed","04/05/2026 09:28:20","04/05/2026 09:28:20","00:00:00.0719853"
"249","# --- Modeling Prep ---","Completed","04/05/2026 09:28:20","04/05/2026 09:28:20","00:00:00.0001199"
"250","# Note: 'train' and 'date' are intentionally retained here so we can build","Completed","04/05/2026 09:28:20","04/05/2026 09:28:20","00:00:00.0001248"
"251","# GroupKFold keys and a time-based holdout below. They are excluded from the","Completed","04/05/2026 09:28:20","04/05/2026 09:28:20","00:00:00.0002988"
"252","# feature matrix at training time.","Completed","04/05/2026 09:28:20","04/05/2026 09:28:20","00:00:00.0002235"
"253","# --- 3. Feature Engineering ---","Completed","04/05/2026 09:28:20","04/05/2026 09:28:20","00:00:00.0002223"
"254","if 'date' in clean_train_df.columns:","Failed","04/05/2026 09:28:20","04/05/2026 09:28:20","00:00:00.0001568"
"255","    clean_train_df['date'] = pd.to_datetime(clean_train_df['date'], errors='coerce')","Failed","04/05/2026 09:28:20","04/05/2026 09:28:20","00:00:00.0001321"
"256","    clean_train_df['day_of_week'] = clean_train_df['date'].dt.dayofweek","Completed","04/05/2026 09:28:20","04/05/2026 09:28:20","00:00:00.0776913"
"257","    clean_train_df['day_of_year'] = clean_train_df['date'].dt.dayofyear","Completed","04/05/2026 09:28:20","04/05/2026 09:28:20","00:00:00.0554092"
"258","    clean_train_df['is_weekend'] = clean_train_df['day_of_week'].isin([5, 6]).astype(int)","Failed","04/05/2026 09:28:20","04/05/2026 09:28:20","00:00:00.0001139"
"259","if 'day_of_week' in clean_train_df.columns:","Failed","04/05/2026 09:28:20","04/05/2026 09:28:20","00:00:00.0001494"
"260","    clean_train_df['day_of_week'] = clean_train_df['day_of_week'].astype('category').cat.codes","Completed","04/05/2026 09:28:20","04/05/2026 09:28:20","00:00:00.0688391"
"261","if 'gare' in clean_train_df.columns:","Failed","04/05/2026 09:28:20","04/05/2026 09:28:20","00:00:00.0001037"
"262","    clean_train_df = pd.get_dummies(clean_train_df, columns=['gare'], drop_first=False, dtype=int)","Failed","04/05/2026 09:28:20","04/05/2026 09:28:20","00:00:00.0001236"
"263","# --- 4. Model Definitions ---","Completed","04/05/2026 09:28:20","04/05/2026 09:28:20","00:00:00.0001906"
"264","def train_rf_best_params(df, features, target, test_size=0.2, random_state=42):","Failed","04/05/2026 09:28:20","04/05/2026 09:28:20","00:00:00.0001300"
"265","    X = df[features].values","Completed","04/05/2026 09:28:20","04/05/2026 09:28:21","00:00:00.0888893"
"266","    y = df[target].values","Completed","04/05/2026 09:28:21","04/05/2026 09:28:21","00:00:00.0685886"
"267","    X_train, X_test, y_train, y_test = train_test_split(X, y, test_size=test_size, random_state=random_state)","Failed","04/05/2026 09:28:21","04/05/2026 09:28:21","00:00:00.0000721"
"268","    model = RandomForestRegressor(
        n_estimators=200,
        max_depth=30,
        min_samples_split=10,
        min_samples_leaf=1,
        max_features='sqrt',
        bootstrap=False,
        random_state=random_state,
        n_jobs=-1,
    )","Failed","04/05/2026 09:28:21","04/05/2026 09:28:21","00:00:00.0001341"
"269","    model.fit(X_train, y_train)","Failed","04/05/2026 09:28:21","04/05/2026 09:28:21","00:00:00.0001276"
"270","    predictions = model.predict(X_test)","Completed","04/05/2026 09:28:21","04/05/2026 09:28:21","00:00:00.0793613"
"271","    mae = mean_absolute_error(y_test, predictions)","Failed","04/05/2026 09:28:21","04/05/2026 09:28:21","00:00:00.0000740"
"272","    r2 = r2_score(y_test, predictions)","Failed","04/05/2026 09:28:21","04/05/2026 09:28:21","00:00:00.0001699"
"273","    print(f""Holdout Validation MAE: {mae:.4f} minutes"")","Completed","04/05/2026 09:28:21","04/05/2026 09:28:21","00:00:00.0200527"
"274","    print(f""Holdout Validation R2: {r2:.4f}"")","Completed","04/05/2026 09:28:21","04/05/2026 09:28:21","00:00:00.0203529"
"275","    return {'model': model, 'mae': mae, 'r2': r2}","Failed","04/05/2026 09:28:21","04/05/2026 09:28:21","00:00:00.0001812"
"276","def _make_rf(random_state=42):","Completed","04/05/2026 09:28:21","04/05/2026 09:28:21","00:00:00.0932372"
"277","    return RandomForestRegressor(
        n_estimators=200,
        max_depth=30,
        min_samples_split=10,
        min_samples_leaf=1,
        max_features='sqrt',
        bootstrap=False,
        random_state=random_state,
        n_jobs=-1,
    )","Failed","04/05/2026 09:28:21","04/05/2026 09:28:21","00:00:00.0001215"
"278","def train_rf_oof(df, features, target, n_splits=5, random_state=42):","Failed","04/05/2026 09:28:21","04/05/2026 09:28:21","00:00:00.0001262"
"279","    """"""Legacy random-KFold OOF — kept for continuity with the 0.7318 baseline.""""""","Completed","04/05/2026 09:28:21","04/05/2026 09:28:21","00:00:00.0006089"
"280","    X_all = df[features].values","Completed","04/05/2026 09:28:21","04/05/2026 09:28:21","00:00:00.0841082"
"281","    y_all = df[target].values","Completed","04/05/2026 09:28:21","04/05/2026 09:28:21","00:00:00.0730173"
"282","    oof_preds = np.zeros_like(y_all, dtype=float)","Failed","04/05/2026 09:28:21","04/05/2026 09:28:21","00:00:00.0001041"
"283","    kf = KFold(n_splits=n_splits, shuffle=True, random_state=random_state)","Failed","04/05/2026 09:28:21","04/05/2026 09:28:21","00:00:00.0002020"
"284","    for fold, (tr_idx, val_idx) in enumerate(kf.split(X_all), 1):","Failed","04/05/2026 09:28:21","04/05/2026 09:28:21","00:00:00.0001580"
"285","        X_tr, X_val = X_all[tr_idx], X_all[val_idx]","Failed","04/05/2026 09:28:21","04/05/2026 09:28:21","00:00:00.0001535"
"286","        y_tr = y_all[tr_idx]","Completed","04/05/2026 09:28:21","04/05/2026 09:28:21","00:00:00.0745638"
"287","        model = _make_rf(random_state)","Completed","04/05/2026 09:28:21","04/05/2026 09:28:21","00:00:00.0750875"
"288","        model.fit(X_tr, y_tr)","Failed","04/05/2026 09:28:21","04/05/2026 09:28:21","00:00:00.0001736"
"289","        oof_preds[val_idx] = model.predict(X_val)","Completed","04/05/2026 09:28:21","04/05/2026 09:28:22","00:00:00.0768592"
"290","    overall_mae = mean_absolute_error(y_all, oof_preds)","Failed","04/05/2026 09:28:22","04/05/2026 09:28:22","00:00:00.0000991"
"291","    overall_r2 = r2_score(y_all, oof_preds)","Failed","04/05/2026 09:28:22","04/05/2026 09:28:22","00:00:00.0000787"
"292","    print(f""[random KFold] OOF MAE ({n_splits}-fold): {overall_mae:.4f} minutes"")","Completed","04/05/2026 09:28:22","04/05/2026 09:28:22","00:00:00.0089684"
"293","    print(f""[random KFold] OOF R2  ({n_splits}-fold): {overall_r2:.4f}"")","Completed","04/05/2026 09:28:22","04/05/2026 09:28:22","00:00:00.0080987"
"294","    return {'oof_predictions': oof_preds, 'oof_mae': overall_mae, 'oof_r2': overall_r2}","Failed","04/05/2026 09:28:22","04/05/2026 09:28:22","00:00:00.0001630"
"295","def train_rf_group_oof(df, features, target, group_cols=('train', 'date'),
                       n_splits=5, random_state=42):","Failed","04/05/2026 09:28:22","04/05/2026 09:28:22","00:00:00.0001792"
"296","    """"""GroupKFold by (train, date): the same trip never spans train/val.
    This mirrors the website's hidden split (unseen trips/dates) and should
    track the leaderboard much more closely than random KFold.
    """"""","Completed","04/05/2026 09:28:22","04/05/2026 09:28:22","00:00:00.0008036"
"297","    X_all = df[features].values","Completed","04/05/2026 09:28:22","04/05/2026 09:28:22","00:00:00.0859244"
"298","    y_all = df[target].values","Completed","04/05/2026 09:28:22","04/05/2026 09:28:22","00:00:00.0701593"
"299","    groups = df[list(group_cols)].astype(str).agg('|'.join, axis=1).values","Failed","04/05/2026 09:28:22","04/05/2026 09:28:22","00:00:00.0001139"
"300","    oof_preds = np.zeros_like(y_all, dtype=float)","Failed","04/05/2026 09:28:22","04/05/2026 09:28:22","00:00:00.0001281"
"301","    gkf = GroupKFold(n_splits=n_splits)","Completed","04/05/2026 09:28:22","04/05/2026 09:28:22","00:00:00.0712767"
"302","    fold_maes = []","Completed","04/05/2026 09:28:22","04/05/2026 09:28:22","00:00:00.0673251"
"303","    for fold, (tr_idx, val_idx) in enumerate(gkf.split(X_all, y_all, groups=groups), 1):","Failed","04/05/2026 09:28:22","04/05/2026 09:28:22","00:00:00.0001928"
"304","        model = _make_rf(random_state)","Completed","04/05/2026 09:28:22","04/05/2026 09:28:22","00:00:00.0739498"
"305","        model.fit(X_all[tr_idx], y_all[tr_idx])","Failed","04/05/2026 09:28:22","04/05/2026 09:28:22","00:00:00.0000768"
"306","        preds = model.predict(X_all[val_idx])","Completed","04/05/2026 09:28:22","04/05/2026 09:28:22","00:00:00.0636108"
"307","        oof_preds[val_idx] = preds","Completed","04/05/2026 09:28:22","04/05/2026 09:28:22","00:00:00.0561068"
"308","        fold_mae = mean_absolute_error(y_all[val_idx], preds)","Failed","04/05/2026 09:28:22","04/05/2026 09:28:22","00:00:00.0000739"
"309","        fold_maes.append(fold_mae)","Completed","04/05/2026 09:28:22","04/05/2026 09:28:22","00:00:00.0730407"
"310","        print(f""[GroupKFold] fold {fold} MAE: {fold_mae:.4f} minutes"")","Completed","04/05/2026 09:28:22","04/05/2026 09:28:22","00:00:00.0071126"
"311","    overall_mae = mean_absolute_error(y_all, oof_preds)","Failed","04/05/2026 09:28:22","04/05/2026 09:28:22","00:00:00.0001194"
"312","    overall_r2 = r2_score(y_all, oof_preds)","Failed","04/05/2026 09:28:22","04/05/2026 09:28:22","00:00:00.0001362"
"313","    print(f""[GroupKFold] OOF MAE ({n_splits}-fold by {group_cols}): {overall_mae:.4f} minutes ""
          f""(per-fold std={np.std(fold_maes):.4f})"")","Failed","04/05/2026 09:28:22","04/05/2026 09:28:22","00:00:00.0001532"
"314","    print(f""[GroupKFold] OOF R2 : {overall_r2:.4f}"")","Completed","04/05/2026 09:28:23","04/05/2026 09:28:23","00:00:00.0094265"
"315","    return {'oof_predictions': oof_preds, 'oof_mae': overall_mae, 'oof_r2': overall_r2}","Failed","04/05/2026 09:28:23","04/05/2026 09:28:23","00:00:00.0001888"
"316","# --- Neural network (Keras) — active model from I-03 onward ---","Completed","04/05/2026 09:28:23","04/05/2026 09:28:23","00:00:00.0002449"
"317","NN_SCALE_COLS = ['arret', 'day_of_year', 'p2q0', 'p3q0', 'p4q0',
                 'p0q2', 'p0q3', 'p0q4',
                 'gare_in_count', 'gare_out_count',
                 'gare_in_mean_delay', 'gare_out_mean_delay']","Completed","04/05/2026 09:28:23","04/05/2026 09:28:23","00:00:00.0855695"
"318","def _scale_split(tr_df, va_df, features, scale_cols):","Failed","04/05/2026 09:28:23","04/05/2026 09:28:23","00:00:00.0001363"
"319","    """"""Fit StandardScaler on train only, apply to both. Returns numpy matrices.""""""","Completed","04/05/2026 09:28:23","04/05/2026 09:28:23","00:00:00.0004338"
"320","    cols_to_scale = [c for c in features if c in scale_cols]","Completed","04/05/2026 09:28:23","04/05/2026 09:28:23","00:00:00.0867703"
"321","    other_cols = [c for c in features if c not in cols_to_scale]","Completed","04/05/2026 09:28:23","04/05/2026 09:28:23","00:00:00.0660806"
"322","    scaler = StandardScaler()","Failed","04/05/2026 09:28:23","04/05/2026 09:28:23","00:00:00.0001040"
"323","    tr_scaled = scaler.fit_transform(tr_df[cols_to_scale].values.astype(np.float32)) if cols_to_scale else np.empty((len(tr_df), 0), dtype=np.float32)","Failed","04/05/2026 09:28:23","04/05/2026 09:28:23","00:00:00.0001057"
"324","    va_scaled = scaler.transform(va_df[cols_to_scale].values.astype(np.float32)) if cols_to_scale else np.empty((len(va_df), 0), dtype=np.float32)","Failed","04/05/2026 09:28:23","04/05/2026 09:28:23","00:00:00.0002465"
"325","    tr_other = tr_df[other_cols].values.astype(np.float32) if other_cols else np.empty((len(tr_df), 0), dtype=np.float32)","Failed","04/05/2026 09:28:23","04/05/2026 09:28:23","00:00:00.0001742"
"326","    va_other = va_df[other_cols].values.astype(np.float32) if other_cols else np.empty((len(va_df), 0), dtype=np.float32)","Failed","04/05/2026 09:28:23","04/05/2026 09:28:23","00:00:00.0001502"
"327","    X_tr = np.concatenate([tr_scaled, tr_other], axis=1)","Failed","04/05/2026 09:28:23","04/05/2026 09:28:23","00:00:00.0004417"
"328","    X_va = np.concatenate([va_scaled, va_other], axis=1)","Failed","04/05/2026 09:28:23","04/05/2026 09:28:23","00:00:00.0004855"
"329","    return X_tr, X_va, scaler, cols_to_scale, other_cols","Failed","04/05/2026 09:28:23","04/05/2026 09:28:23","00:00:00.0001118"
"330","def _build_nn(input_dim, lr=1e-3):","Failed","04/05/2026 09:28:23","04/05/2026 09:28:23","00:00:00.0001374"
"331","    inp = layers.Input(shape=(input_dim,))","Failed","04/05/2026 09:28:23","04/05/2026 09:28:23","00:00:00.0001421"
"332","    x = layers.Dense(256, activation='swish')(inp)","Failed","04/05/2026 09:28:23","04/05/2026 09:28:23","00:00:00.0001668"
"333","    x = layers.BatchNormalization()(x)","Failed","04/05/2026 09:28:23","04/05/2026 09:28:23","00:00:00.0001503"
"334","    x = layers.Dropout(0.20)(x)","Completed","04/05/2026 09:28:23","04/05/2026 09:28:23","00:00:00.0822593"
"335","    x = layers.Dense(128, activation='swish')(x)","Failed","04/05/2026 09:28:23","04/05/2026 09:28:23","00:00:00.0001064"
"336","    x = layers.Dropout(0.15)(x)","Completed","04/05/2026 09:28:23","04/05/2026 09:28:23","00:00:00.0697100"
"337","    x = layers.Dense(64, activation='swish')(x)","Failed","04/05/2026 09:28:23","04/05/2026 09:28:23","00:00:00.0000979"
"338","    out = layers.Dense(1)(x)","Completed","04/05/2026 09:28:23","04/05/2026 09:28:23","00:00:00.0701032"
"339","    model = models.Model(inp, out)","Failed","04/05/2026 09:28:23","04/05/2026 09:28:23","00:00:00.0000825"
"340","    model.compile(optimizer=optimizers.Adam(lr), loss=losses.Huber(delta=1.0),
                  metrics=['mae'])","Completed","04/05/2026 09:28:23","04/05/2026 09:28:23","00:00:00.0756590"
"341","    return model","Completed","04/05/2026 09:28:24","04/05/2026 09:28:24","00:00:00.0632006"
"342","def _fit_nn(X_tr, y_tr, X_va, y_va, epochs=80, batch=512):","Failed","04/05/2026 09:28:24","04/05/2026 09:28:24","00:00:00.0001072"
"343","    model = _build_nn(X_tr.shape[1])","Completed","04/05/2026 09:28:24","04/05/2026 09:28:24","00:00:00.0647124"
"344","    cbs = [","Completed","04/05/2026 09:28:24","04/05/2026 09:28:24","00:00:00.0652078"
"345","        callbacks.EarlyStopping(patience=8, restore_best_weights=True, monitor='val_mae'),
        callbacks.ReduceLROnPlateau(factor=0.5, patience=4, monitor='val_mae', min_lr=1e-5),
    ]","Failed","04/05/2026 09:28:24","04/05/2026 09:28:24","00:00:00.0000993"
"346","    model.fit(X_tr, y_tr, validation_data=(X_va, y_va),
              epochs=epochs, batch_size=batch, verbose=0, callbacks=cbs)","Failed","04/05/2026 09:28:24","04/05/2026 09:28:24","00:00:00.0001247"
"347","    return model","Completed","04/05/2026 09:28:24","04/05/2026 09:28:24","00:00:00.0699520"
"348","def train_nn_group_oof(df, features, target, group_cols=('train', 'date'),
                      n_splits=5, scale_cols=NN_SCALE_COLS):","Failed","04/05/2026 09:28:24","04/05/2026 09:28:24","00:00:00.0001038"
"349","    X_all_df = df[features]","Completed","04/05/2026 09:28:24","04/05/2026 09:28:24","00:00:00.0718117"
"350","    y_all = df[target].values.astype(np.float32)","Completed","04/05/2026 09:28:24","04/05/2026 09:28:24","00:00:00.0683076"
"351","    groups = df[list(group_cols)].astype(str).agg('|'.join, axis=1).values","Failed","04/05/2026 09:28:24","04/05/2026 09:28:24","00:00:00.0000931"
"352","    oof_preds = np.zeros_like(y_all, dtype=np.float32)","Failed","04/05/2026 09:28:24","04/05/2026 09:28:24","00:00:00.0001535"
"353","    gkf = GroupKFold(n_splits=n_splits)","Completed","04/05/2026 09:28:24","04/05/2026 09:28:24","00:00:00.0708120"
"354","    fold_maes = []","Completed","04/05/2026 09:28:24","04/05/2026 09:28:24","00:00:00.0713593"
"355","    for fold, (tr_idx, val_idx) in enumerate(gkf.split(X_all_df, y_all, groups=groups), 1):","Failed","04/05/2026 09:28:24","04/05/2026 09:28:24","00:00:00.0000972"
"356","        X_tr, X_va, _, _, _ = _scale_split(X_all_df.iloc[tr_idx], X_all_df.iloc[val_idx],
                                            features, scale_cols)","Failed","04/05/2026 09:28:24","04/05/2026 09:28:24","00:00:00.0001414"
"357","        model = _fit_nn(X_tr, y_all[tr_idx], X_va, y_all[val_idx])","Failed","04/05/2026 09:28:24","04/05/2026 09:28:24","00:00:00.0001700"
"358","        preds = model.predict(X_va, verbose=0).ravel()","Failed","04/05/2026 09:28:24","04/05/2026 09:28:24","00:00:00.0001554"
"359","        oof_preds[val_idx] = preds","Completed","04/05/2026 09:28:24","04/05/2026 09:28:24","00:00:00.0713614"
"360","        fold_mae = mean_absolute_error(y_all[val_idx], preds)","Failed","04/05/2026 09:28:24","04/05/2026 09:28:24","00:00:00.0001463"
"361","        fold_maes.append(fold_mae)","Completed","04/05/2026 09:28:24","04/05/2026 09:28:24","00:00:00.0702792"
"362","        print(f""[NN GroupKFold] fold {fold} MAE: {fold_mae:.4f}"")","Completed","04/05/2026 09:28:24","04/05/2026 09:28:24","00:00:00.0057906"
"363","        tf.keras.backend.clear_session()","Failed","04/05/2026 09:28:25","04/05/2026 09:28:25","00:00:00.0001161"
"364","    overall_mae = mean_absolute_error(y_all, oof_preds)","Failed","04/05/2026 09:28:25","04/05/2026 09:28:25","00:00:00.0001562"
"365","    overall_r2 = r2_score(y_all, oof_preds)","Failed","04/05/2026 09:28:25","04/05/2026 09:28:25","00:00:00.0001462"
"366","    print(f""[NN GroupKFold] OOF MAE ({n_splits}-fold): {overall_mae:.4f} ""
          f""(per-fold std={np.std(fold_maes):.4f})"")","Failed","04/05/2026 09:28:25","04/05/2026 09:28:25","00:00:00.0001366"
"367","    print(f""[NN GroupKFold] OOF R2 : {overall_r2:.4f}"")","Completed","04/05/2026 09:28:25","04/05/2026 09:28:25","00:00:00.0087697"
"368","    return {'oof_predictions': oof_preds, 'oof_mae': overall_mae, 'oof_r2': overall_r2}","Failed","04/05/2026 09:28:25","04/05/2026 09:28:25","00:00:00.0001856"
"369","def train_nn_time_holdout(df, features, target, date_col='date', quantile=0.85,
                          scale_cols=NN_SCALE_COLS):","Failed","04/05/2026 09:28:25","04/05/2026 09:28:25","00:00:00.0001493"
"370","    if date_col not in df.columns or df[date_col].isna().all():","Failed","04/05/2026 09:28:25","04/05/2026 09:28:25","00:00:00.0001723"
"371","        return None","Completed","04/05/2026 09:28:25","04/05/2026 09:28:25","00:00:00.1063257"
"372","    cutoff = df[date_col].quantile(quantile)","Completed","04/05/2026 09:28:25","04/05/2026 09:28:25","00:00:00.0923956"
"373","    tr = df[df[date_col] < cutoff]","Failed","04/05/2026 09:28:25","04/05/2026 09:28:25","00:00:00.0001202"
"374","    ho = df[df[date_col] >= cutoff]","Completed","04/05/2026 09:28:25","04/05/2026 09:28:25","00:00:00.0734286"
"375","    if len(tr) == 0 or len(ho) == 0:","Failed","04/05/2026 09:28:25","04/05/2026 09:28:25","00:00:00.0001052"
"376","        return None","Completed","04/05/2026 09:28:25","04/05/2026 09:28:25","00:00:00.0751519"
"377","    X_tr, X_ho, _, _, _ = _scale_split(tr[features], ho[features], features, scale_cols)","Failed","04/05/2026 09:28:25","04/05/2026 09:28:25","00:00:00.0000919"
"378","    model = _fit_nn(X_tr, tr[target].values.astype(np.float32),
                    X_ho, ho[target].values.astype(np.float32))","Failed","04/05/2026 09:28:25","04/05/2026 09:28:25","00:00:00.0001516"
"379","    preds = model.predict(X_ho, verbose=0).ravel()","Failed","04/05/2026 09:28:25","04/05/2026 09:28:25","00:00:00.0001579"
"380","    mae = mean_absolute_error(ho[target].values, preds)","Failed","04/05/2026 09:28:25","04/05/2026 09:28:25","00:00:00.0001919"
"381","    r2 = r2_score(ho[target].values, preds)","Failed","04/05/2026 09:28:25","04/05/2026 09:28:25","00:00:00.0002198"
"382","    print(f""[NN time holdout] cutoff={cutoff} train={len(tr)} holdout={len(ho)}"")","Completed","04/05/2026 09:28:25","04/05/2026 09:28:25","00:00:00.0696819"
"383","    print(f""[NN time holdout] MAE: {mae:.4f} | R2: {r2:.4f}"")","Completed","04/05/2026 09:28:25","04/05/2026 09:28:25","00:00:00.0051922"
"384","    tf.keras.backend.clear_session()","Failed","04/05/2026 09:28:25","04/05/2026 09:28:25","00:00:00.0001528"
"385","    return {'mae': mae, 'r2': r2, 'cutoff': cutoff}","Failed","04/05/2026 09:28:25","04/05/2026 09:28:25","00:00:00.0002224"
"386","def train_nn_full_predict(train_df, test_df, features, target, scale_cols=NN_SCALE_COLS,
                          val_frac=0.1):","Failed","04/05/2026 09:28:25","04/05/2026 09:28:25","00:00:00.0001672"
"387","    """"""Fit NN on all training data (with a small val split for early stopping) and predict on test_df.""""""","Completed","04/05/2026 09:28:25","04/05/2026 09:28:25","00:00:00.0009935"
"388","    n = len(train_df)","Completed","04/05/2026 09:28:25","04/05/2026 09:28:26","00:00:00.0902224"
"389","    rng = np.random.default_rng(42)","Completed","04/05/2026 09:28:26","04/05/2026 09:28:26","00:00:00.0646803"
"390","    idx = rng.permutation(n)","Completed","04/05/2026 09:28:26","04/05/2026 09:28:26","00:00:00.0654226"
"391","    n_val = max(int(n * val_frac), 1)","Completed","04/05/2026 09:28:26","04/05/2026 09:28:26","00:00:00.0705167"
"392","    val_idx, tr_idx = idx[:n_val], idx[n_val:]","Failed","04/05/2026 09:28:26","04/05/2026 09:28:26","00:00:00.0001167"
"393","    tr = train_df.iloc[tr_idx]","Completed","04/05/2026 09:28:26","04/05/2026 09:28:26","00:00:00.0741216"
"394","    va = train_df.iloc[val_idx]","Completed","04/05/2026 09:28:26","04/05/2026 09:28:26","00:00:00.0658184"
"395","    X_tr, X_va, scaler, scaled_cols, other_cols = _scale_split(tr[features], va[features],
                                                                features, scale_cols)","Failed","04/05/2026 09:28:26","04/05/2026 09:28:26","00:00:00.0001018"
"396","    model = _fit_nn(X_tr, tr[target].values.astype(np.float32),
                    X_va, va[target].values.astype(np.float32))","Failed","04/05/2026 09:28:26","04/05/2026 09:28:26","00:00:00.0001288"
"397","    # Apply same transform to test","Completed","04/05/2026 09:28:26","04/05/2026 09:28:26","00:00:00.0002790"
"398","    X_te_scaled = scaler.transform(test_df[scaled_cols].values.astype(np.float32)) if scaled_cols else np.empty((len(test_df), 0), dtype=np.float32)","Failed","04/05/2026 09:28:26","04/05/2026 09:28:26","00:00:00.0001706"
"399","    X_te_other = test_df[other_cols].values.astype(np.float32) if other_cols else np.empty((len(test_df), 0), dtype=np.float32)","Failed","04/05/2026 09:28:26","04/05/2026 09:28:26","00:00:00.0005636"
"400","    X_te = np.concatenate([X_te_scaled, X_te_other], axis=1)","Failed","04/05/2026 09:28:26","04/05/2026 09:28:26","00:00:00.0004427"
"401","    preds = model.predict(X_te, verbose=0).ravel()","Failed","04/05/2026 09:28:26","04/05/2026 09:28:26","00:00:00.0001673"
"402","    tf.keras.backend.clear_session()","Failed","04/05/2026 09:28:26","04/05/2026 09:28:26","00:00:00.0002254"
"403","    return preds","Completed","04/05/2026 09:28:26","04/05/2026 09:28:26","00:00:00.0647311"
"404","def train_rf_time_holdout(df, features, target, date_col='date', quantile=0.85,
                          random_state=42):","Failed","04/05/2026 09:28:26","04/05/2026 09:28:26","00:00:00.0001409"
"405","    """"""Train on the first `quantile` of dates, evaluate on the remainder.
    This is the closest local proxy to the website's hidden test set when the
    leaderboard is split chronologically. Reported alongside the two OOFs so
    we can watch the random/group/time gap directly.
    """"""","Completed","04/05/2026 09:28:26","04/05/2026 09:28:26","00:00:00.0004499"
"406","    if date_col not in df.columns or df[date_col].isna().all():","Failed","04/05/2026 09:28:26","04/05/2026 09:28:26","00:00:00.0001271"
"407","        print(""[time holdout] no usable date column, skipping."")","Completed","04/05/2026 09:28:26","04/05/2026 09:28:26","00:00:00.0332136"
"408","        return None","Completed","04/05/2026 09:28:26","04/05/2026 09:28:26","00:00:00.0630580"
"409","    cutoff = df[date_col].quantile(quantile)","Completed","04/05/2026 09:28:26","04/05/2026 09:28:26","00:00:00.0535723"
"410","    tr = df[df[date_col] < cutoff]","Failed","04/05/2026 09:28:26","04/05/2026 09:28:26","00:00:00.0001186"
"411","    ho = df[df[date_col] >= cutoff]","Completed","04/05/2026 09:28:26","04/05/2026 09:28:27","00:00:00.0558777"
"412","    if len(tr) == 0 or len(ho) == 0:","Failed","04/05/2026 09:28:27","04/05/2026 09:28:27","00:00:00.0000983"
"413","        print(f""[time holdout] empty split at quantile={quantile}, skipping."")","Completed","04/05/2026 09:28:27","04/05/2026 09:28:27","00:00:00.0503741"
"414","        return None","Completed","04/05/2026 09:28:27","04/05/2026 09:28:27","00:00:00.0785062"
"415","    model = _make_rf(random_state)","Completed","04/05/2026 09:28:27","04/05/2026 09:28:27","00:00:00.0778853"
"416","    model.fit(tr[features].values, tr[target].values)","Failed","04/05/2026 09:28:27","04/05/2026 09:28:27","00:00:00.0003596"
"417","    preds = model.predict(ho[features].values)","Completed","04/05/2026 09:28:27","04/05/2026 09:28:27","00:00:00.0701767"
"418","    mae = mean_absolute_error(ho[target].values, preds)","Failed","04/05/2026 09:28:27","04/05/2026 09:28:27","00:00:00.0001913"
"419","    r2 = r2_score(ho[target].values, preds)","Failed","04/05/2026 09:28:27","04/05/2026 09:28:27","00:00:00.0002377"
"420","    print(f""[time holdout] cutoff={cutoff} (train={len(tr)} rows, holdout={len(ho)} rows)"")","Completed","04/05/2026 09:28:27","04/05/2026 09:28:27","00:00:00.0612501"
"421","    print(f""[time holdout] MAE: {mae:.4f} minutes | R2: {r2:.4f}"")","Completed","04/05/2026 09:28:27","04/05/2026 09:28:27","00:00:00.0053020"
"422","    return {'mae': mae, 'r2': r2, 'cutoff': cutoff}","Failed","04/05/2026 09:28:27","04/05/2026 09:28:27","00:00:00.0001701"
"423","# --- 5. Execution & Submission ---","Completed","04/05/2026 09:28:27","04/05/2026 09:28:27","00:00:00.0002193"
"424","X_train_df = clean_train_df[clean_train_df['source'] == 'train'].copy()","Failed","04/05/2026 09:28:27","04/05/2026 09:28:27","00:00:00.0001349"
"425","X_test_df = clean_train_df[clean_train_df['source'] == 'test'].copy()","Failed","04/05/2026 09:28:27","04/05/2026 09:28:27","00:00:00.0001416"
"426","# 'train' and 'date' are kept in X_train_df for grouping/holdout, but excluded from features.","Completed","04/05/2026 09:28:27","04/05/2026 09:28:27","00:00:00.0003020"
"427","non_features = {'source', 'date', 'train', 'p0q0'}","Completed","04/05/2026 09:28:27","04/05/2026 09:28:27","00:00:00.0839210"
"428","features = [col for col in X_train_df.columns if col not in non_features]","Completed","04/05/2026 09:28:27","04/05/2026 09:28:27","00:00:00.0777975"
"429","print(f""\nFeature count: {len(features)} (graph features: ""
      f""{sum(c.startswith('gare_') and c not in {'gare'} for c in features)})"")","Failed","04/05/2026 09:28:27","04/05/2026 09:28:27","00:00:00.0001880"
"430","# RandomForest functions (`train_rf_best_params`, `train_rf_oof`, `train_rf_group_oof`,","Completed","04/05/2026 09:28:27","04/05/2026 09:28:27","00:00:00.0002665"
"431","# `train_rf_time_holdout`) are kept above as the I-01/I-02 baseline reference but are","Completed","04/05/2026 09:28:27","04/05/2026 09:28:27","00:00:00.0008028"
"432","# NOT executed here. To re-run RF, call them explicitly.","Completed","04/05/2026 09:28:27","04/05/2026 09:28:27","00:00:00.0002901"
"433","print('\n--- [NN] GroupKFold OOF by (train, date) ---')","Completed","04/05/2026 09:28:27","04/05/2026 09:28:27","00:00:00.0407601"
"434","nn_group_oof = train_nn_group_oof(X_train_df, features, target='p0q0',
                                  group_cols=('train', 'date'), n_splits=5)","Failed","04/05/2026 09:28:27","04/05/2026 09:28:27","00:00:00.0001600"
"435","print('\n--- [NN] Time-based holdout (last ~15% of dates) ---')","Completed","04/05/2026 09:28:27","04/05/2026 09:28:27","00:00:00.0391962"
"436","nn_time_holdout = train_nn_time_holdout(X_train_df, features, target='p0q0',
                                        date_col='date', quantile=0.85)","Failed","04/05/2026 09:28:28","04/05/2026 09:28:28","00:00:00.0002284"
"437","print('\n--- Validation summary (Neural Network) ---')","Completed","04/05/2026 09:28:28","04/05/2026 09:28:28","00:00:00.0390764"
"438","print(f""  NN GroupKFold MAE : {nn_group_oof['oof_mae']:.4f}"")","Completed","04/05/2026 09:28:28","04/05/2026 09:28:28","00:00:00.0113988"
"439","if nn_time_holdout is not None:","Failed","04/05/2026 09:28:28","04/05/2026 09:28:28","00:00:00.0002589"
"440","    print(f""  NN Time holdout MAE: {nn_time_holdout['mae']:.4f}"")","Completed","04/05/2026 09:28:28","04/05/2026 09:28:28","00:00:00.0093703"
"441","print(""  -> compare against I-02 RF: GroupKFold 0.7339, Time holdout 0.7255."")","Completed","04/05/2026 09:28:28","04/05/2026 09:28:28","00:00:00.0336751"
"442","print('\n--- Generating Final Submission (NN trained on all train rows) ---')","Completed","04/05/2026 09:28:28","04/05/2026 09:28:28","00:00:00.0380576"
"443","test_predictions = train_nn_full_predict(X_train_df, X_test_df, features, target='p0q0')","Failed","04/05/2026 09:28:28","04/05/2026 09:28:28","00:00:00.0003297"
"444","submission_df = pd.DataFrame({
    'row_id': x_test['x_test_row_id'].values,
    'p0q0': test_predictions
})","Failed","04/05/2026 09:28:28","04/05/2026 09:28:28","00:00:00.0002163"
"445","assert len(submission_df) == len(x_test), \","Completed","04/05/2026 09:28:28","04/05/2026 09:28:28","00:00:00.0832348"
"446","    f""submission rows {len(submission_df)} != x_test rows {len(x_test)}""","Completed","04/05/2026 09:28:28","04/05/2026 09:28:28","00:00:00.0694174"
"447","submission_df.to_csv('submission_test_rf.csv', index=False)","Failed","04/05/2026 09:28:28","04/05/2026 09:28:28","00:00:00.0001836"
"448","print(""Saved submission_test_rf.csv!"")","Completed","04/05/2026 09:28:28","04/05/2026 09:28:28","00:00:00.0307923"
